Size,Conventional,Strassen
2,0.00426,0.00468
4,0.004261,0.003423
8,0.00419,0.003771
16,0.007753,0.008172
32,0.034363,0.02668
64,0.258766,0.102669
128,1.41515,1.40977
256,8.09762,11.0434
512,55.4829,59.712
