Size,Conventional,Strassen
2,0.004749,0.001956
4,0.002375,0.001816
8,0.004331,0.004331
16,0.004749,0.00482
32,0.025352,0.01802
64,0.171743,0.114961
128,1.00057,1.20548
256,8.20965,9.13996
512,59.422,67.3548
1024,969.342,484.441
2048,6722.12,3243.8
